Path|Author|Date|Size
./.config/.semgrep/settings.yml|Hateem Jamshaid|2025-12-15 23:14:54 +0500|       2
./.github/dependabot.yml|Audit Agent|2026-01-12 00:33:58 +0500|      93
./.github/workflows/chaos-testing.yml|Audit Agent|2026-01-12 23:34:55 +0500|     130
./.github/workflows/ci.yml|Audit Agent|2026-02-18 11:37:53 +0500|     220
./.github/workflows/dast-scan.yml|Audit Agent|2026-01-13 13:07:54 +0500|      86
./.github/workflows/deploy.yml|Audit Agent|2026-02-18 15:04:08 +0500|      47
./.github/workflows/docs-check.yml|Audit Agent|2026-02-03 18:07:40 +0500|      31
./.github/workflows/docs-link-check.yml|Audit Agent|2026-01-11 13:44:06 +0500|      54
./.github/workflows/docs-lint.yml|Audit Agent|2026-01-12 00:33:58 +0500|      28
./.github/workflows/drift-detection.yaml|Audit Agent|2026-01-12 00:33:58 +0500|     126
./.github/workflows/e2e.yml|Audit Agent|2026-01-07 17:09:49 +0500|      55
./.github/workflows/lighthouse-ci.yml|Audit Agent|2026-02-11 16:48:47 +0500|      32
./.github/workflows/load-testing.yml|Audit Agent|2026-01-11 23:19:42 +0500|     146
./.github/workflows/neon_workflow.yml|Hateem Jamshaid|2025-12-15 23:14:54 +0500|      94
./.github/workflows/quality-gate.yml|Audit Agent|2026-02-18 11:37:53 +0500|      92
./.github/workflows/secret-scanning.yml|Audit Agent|2025-12-22 20:58:04 +0500|      18
./.github/workflows/security-check.yml|Audit Agent|2026-02-15 00:32:47 +0500|      54
./.github/workflows/security-scanning.yml|Audit Agent|2026-02-18 11:37:53 +0500|     125
./.github/workflows/synthetic-monitoring.yml|Audit Agent|2026-02-18 11:37:53 +0500|      83
./.github/workflows/update-baselines.yml|Audit Agent|2025-12-24 18:14:56 +0500|      92
./.github/workflows/visual-regression.yml|Audit Agent|2026-02-18 11:37:53 +0500|     134
./.github/workflows/visual-safeguards.yml|Audit Agent|2025-12-22 20:58:04 +0500|      50
./.pre-commit-config.yaml|Audit Agent|2025-12-22 20:58:04 +0500|       5
./cloudbuild-multiregion.yaml|Audit Agent|2026-01-11 13:44:06 +0500|     208
./cloudbuild-staging.yaml|Audit Agent|2026-01-08 00:27:46 +0500|      42
./cloudbuild.yaml|Audit Agent|2026-01-04 23:51:09 +0500|     128
./codecov.yml|Audit Agent|2026-01-13 13:07:54 +0500|      41
./docker-compose.observability.yml|Audit Agent|2026-01-05 14:01:56 +0500|      53
./docker-compose.test.yml|Audit Agent|2026-01-05 18:30:08 +0500|      22
./k8s/argocd/application.yaml|Audit Agent|2026-01-13 13:07:54 +0500|      44
./k8s/argocd/base/configmap.yaml|Audit Agent|2026-01-13 13:07:54 +0500|       7
./k8s/argocd/base/deployment.yaml|Audit Agent|2026-02-02 13:16:59 +0500|      46
./k8s/argocd/base/kustomization.yaml|Audit Agent|2026-01-13 13:07:54 +0500|      11
./k8s/argocd/base/service.yaml|Audit Agent|2026-02-02 13:16:59 +0500|      12
./ops/alerts/slo-alerts.yaml|Audit Agent|2026-01-11 13:44:06 +0500|     159
